num_domains,time
1,8.286568
2,4.284036
3,3.032485
4,2.248320
5,2.006529
6,1.790124
7,2.363587
8,2.679032
9,2.837990
10,3.214972
11,4.693813
12,4.964537
