num_domains,time
1,8.565438
2,4.491987
3,3.091885
4,2.315797
5,2.017777
6,1.757201
7,2.144455
8,1.980837
