num_domains,time
1,1.848770
2,1.310759
3,1.002516
4,0.880144
5,0.723191
